client_id,file_name,sentence_id,transcription
2344,segment0.flac,id0,"Bu gecə bütün kənd sevinirdi.
"
2344,segment1.flac,id1,"Qızlar gəlinlər uşaqlar gənclər ixtiyarlar sevinir bütün kainat belə sevinirdi… Uşaqların bağırtısı qızların gəlinlərin çalğısı yastı balabanların ən kobud ürəkləri oxşayan həzin iniltisi birbirinə qarışıb ümumi bir ahəng yaratmış və hər kəs bu şən gurultunun sonsuz sevinclərinə dalıb getmişdi.
"
2344,segment10.flac,id2,"Bəli bu gecə hər kəs sevinir həm də onun səadətinə sevinirdi.
"
2344,segment100.flac,id3,"Yalnız o yalnız o bunları görmür eşitmir qadınların böyük bir gurultu qopartdığı darısqal və yarıqaranlıq daxmanın bir bucağına sıxılmış bütün bu sevinclərə darılır bu şənliklərdən sıxılır və eşitdiyi bütün bu gülüşlərdə bu gurultularda müdhiş bir fəlakət bayquşunun qorxunc sədasını hiss edirdi.
"
2344,segment101.flac,id4,"O bu gecə gəlin gedirdi.
"
2344,segment102.flac,id5,"Tam altı aydan bəri ayrılmaz bir yoldaşı olan köhnə qabıqlı Quranı kiçik döşlərinin arasına sıxıb Ey Quran ey uca pərvərdigar sən ki hər şeyi bilirsən sən mənə kömək ol.
"
2344,segment103.flac,id6,"deyə göz yaşları ilə yıpranmış yarpaqlarını isladırdı.
"
2344,segment104.flac,id7,"Bunu hər kəs görür lakin onu son zamanlar daima belə tutqun gördüklərindən bir o qədər də maraqlanmırlardı.
"
2344,segment105.flac,id8,"Hətta qızlardan bir neçəsi maraqlanmış soruşmuş və cavab almayınca kimisi bu zavallı qızcığazın öz nişanlısını sevmədiyindən kimisi tərsinə olaraq çox sevdiyindən və sevincindən ağladığını kimisi də adətdir qızlar gəlin gedərkən ağlarlar  deyə yenidən özlərini bir susmaz gurultuların ağuşuna atırdılar.
"
2344,segment106.flac,id9,"Lakin kimsə bu öksüz yavrucuğun ruhuna girə bilmir oradakı cəhənnəm kimi coşan müdhiş iztirabları kiçik vücudunu sarsıdan ürəyini duyğularını bir kəlmə bütün varlığını çeynəyən dəhşət və fəryadları görə bilmirdi.
"
2344,segment107.flac,id10,"Yalnız o özü bunları görür hiss edir və əski qabıqlı Quranını bağrına basaraq Ey Quran ey Quran sahibi sənə pənah gətirmişəm  deyə içiniçin ağlayır göz yaşlarını tökürdü.
"
2344,segment108.flac,id11,"Ox o fəlakətli gecə olmasaydı.
"
2344,segment109.flac,id12,"Bu on beşon altı yaşlarında ortaboylu qara gözlü uçqun yanaqlı sarımtraq bənizli bir qızcığazdı.
"
2344,segment11.flac,id13,"Altıyeddi ay bundan əvvəl deyər gülər çalar oynar şux bir afət idi.
"
2344,segment110.flac,id14,"İlk baxışda bir o qədər də gözəl görünmürdü.
"
2344,segment111.flac,id15,"Lakin bir qədər diqqətlə baxdıqda onda başqa bir gözəllik görmək mümkündü.
"
2344,segment112.flac,id16,"Baxışları altına düşən hər kəsi ildırım kimi sancan iri qara gözləri bu qara gözlər üstündəki incə uzun qaşları qanı axacaq qədər qırmızı çiçək yarpaqları qədər zərif incə və titrək dodaqları hətta ağzının böyüklüyü və siması arasındakı incə bir tənasüb  onu seyr edən hər bir kəsdə anlaşılmaz bir həyəcan oyadırdı.
"
2344,segment113.flac,id17,"Xüsusilə əlində bir çomaq dünya malını təşkil edən iki keçisini dağdan endirərkən dağınıq saçları oynaq və şux görkəmi ilə elə ilahi bir heyət təşkil edirdi ki bu gözəlliyə qarşı kimsə dayanmaz pərəstiş etməyə bilməzdi.
"
2344,segment114.flac,id18,"Bəli bütün solğunluqla bütün nöqsanlarına baxmayaraq kənddə hər kəs onun gözəlliyini etiraf edirdi.
"
2344,segment115.flac,id19,"Gülzarı yalnız kəndin gəncləri deyil hətta ixtiyar kişiləri qadınları da sevirlərdi.
"
2344,segment116.flac,id20,"Ta uşaqlıqdan yetim qalmış Gülzar öz kor anası ilə yoxsul qardaşı Aslanın himayəsində yaşayırdı.
"
2344,segment117.flac,id21,"Anasının gözlərinə kənd qadınlarimn dediyinə görə qara su enmiş idi.
"
2344,segment118.flac,id22,"Ona görə Gülzar ta uşaqlıqdan evdə çalışmış zəhmətə alışmışdı.
"
2344,segment119.flac,id23,"Bir qədər böyüyüncə yoxsul evlərinin bir o qədər də böyük olmayan zəhməti onun üçün asanlaşmışdı.
"
2344,segment12.flac,id24,"Artıq Gülzar daha ağır işlər görə bilir malqara saxlaya bilir xalçapalaz toxuya bilirdi.
"
2344,segment120.flac,id25,"Lakin yunları olmadığından Gülzar bəzən qonşuları üçün icrətlə çalışır amma bu da həmişə olmurdu.
"
2344,segment121.flac,id26,"Hər nə olsa da Gülzar vaxtlarını boş keçirmir hər kəsin bir işi olursa ona kömək edir bacardığı qədər toxuyur və yardım edirdi.
"
2344,segment122.flac,id27,"Başqa qoca bir qadını suya gedən görüncə haman gedib dolçasını alır doldurub gətirərdi.
"
2344,segment123.flac,id28,"Bir evdə yas oldumu oraya gedir bacar¬dığı qədər çalışır və o qədər səmimiyyət göstərirdi ki hər kəs onu həmin evin adamı kimi bilirdi.
"
2344,segment124.flac,id29,"Hər kəsə ehtiram edər hər kəsi sevər hər kəsi ana bacı ata qardaş kimi görərdi.
"
2344,segment125.flac,id30,"Gülzarın namuslu və ismətli olduğu xüsusi bir tərzdə dillərdə dolaşırdı.
"
2344,segment126.flac,id31,"Kənddə bir qız tapılmazdı ki adına sözlər deyilməsin.
"
2344,segment127.flac,id32,"Birinin ayağı dolaşdımı haman ətrafda dastan açılır Dağdivara dırmaşır Filankəsə söz atdı Gecə filankəslə danışdı və s.
"
2344,segment128.flac,id33,"Hətta kəndin ən zəngin qızları və yüzbaşının qızları belə qadınların bu dediqodusundan qaşgözündən yaxa qurtara bilməzdilər.
"
2344,segment129.flac,id34,"Yal¬nız Gülzar bu dediqodulardan kənar qalıb su kimi pak və təmiz bir ad saxlamışdı.
"
2344,segment13.flac,id35,"Atalar qızlarını danlarkən Gülzardan ibrət almalarını tapşırır və qadınlar Allaha yalvarıb övlad dilərkən Gülzar kimi pak və namuslu bir qız istərlərdi.
"
2344,segment130.flac,id36,"Bax buna görə də bu gecə hər kəs Gülzarın gəlin getdiyinə sevinirdi.
"
2344,segment131.flac,id37,"Hamı da gəlmiş və öz qızlarının toyu kimi bu toyda iştirak edirlərdi.
"
2344,segment132.flac,id38,"Lakin hər kəsdən artıq Aslan sevinirdi.
"
2344,segment133.flac,id39,"Bu yoxsul kimsəyə toxunmaz bir kəsə pislik etməz söysələr də danışmaz hər kəsə ehtiram edər bir sözlə Allahın dilsizağızsız bəndəsi idi.
"
2344,segment134.flac,id40,"Bunu çox vaxt Aslanın qorxaqlığına çıxırlardısa da bununla bərabər kənddə kimsə ona dolaşmaz pislik etməzdi.
"
2344,segment135.flac,id41,"Dünya malından  bir uzunqulağı bir də çətinliklə yığdığı pullardan Gülzar üçün aldığı iki keçidən başqa heç bir şeyi yox idi.
"
2344,segment136.flac,id42,"Uzunqulağı ilə odun daşıyır kömür hazırlayır biçinə gedir və beləliklə öz bacısını və kor anasını saxlayırdı.
"
2344,segment137.flac,id43,"Yaşının çoxluğuna baxmayaraq hələ evlənməmişdi.
"
2344,segment138.flac,id44,"Zatən yoxsul olduğundan ona qız verən yox idi.
"
2344,segment139.flac,id45,"Lakin bacısını artıq varlı bir adama verdiyi və o gedəndən sonra bir qədər xərci azaldığı üçün yeznəsinin köməyi ilə evlənə biləcəyini ümid edirdi.
"
2344,segment14.flac,id46,"Lakin hər şeydən artıq onu sevindirən  Gülzarın təmiz bir ad saxlaması idi.
"
2344,segment140.flac,id47,"Hər kəs Gülzarı təriflərkən Aslan da bacısının belə adı ilə lovğalanardı.
"
2344,segment141.flac,id48,"Hər halda bu gecə Aslan sevincindən nə edəcəyini bilmir hər tərəfə çırpınır Buyurun Allah ömür versin oğlunuz üçün olsun Allah atana rəhmət eləsin.
"
2344,segment142.flac,id49,"və s.
"
3456,segment143.flac,id50,"sözlərlə gələn qonaqları qarşılayır ona bu qədər hörmət edib sevincində iştirak edənləri sevir hətta kənddəki ən möhtərəm şəxslərin belə gəldiyini görüncə sevincindən gözləri yaşanır hətta bəzən onların ayaqlarına düşüb öpmək istəyirdi.
"
3456,segment144.flac,id51,"Bu məhəbbətlərin bu ehtiramların bu ümumi iştirakın hamısı Gülzara hər şeydən əvvəl Gülzarın paklığına məsumluğuna namuslu və ismətli olmasına aid olduğunu Aslan bilir və Bacımın cehizi yoxsa da su kimi dura pak bir adı vardır  deyirdi.
"
3456,segment145.flac,id52,"Zavallı Gülzar bunları eşidir bütün ürəyi didilir bütün varlığı parçalanırdı.
"
3456,segment146.flac,id53,"Ox o fəlakətli gecə olmasaydı.
"
3456,segment147.flac,id54,"Nişanlandığı gündən üç gün əvvəl idi.
"
3456,segment148.flac,id55,"Gülzar günorta vaxtı evdən bir çörək götürüb meşədə odun qıran qardaşı üçün apardı.
"
3456,segment149.flac,id56,"Geri qayıdarkən hava çox tutqun idi.
"
3456,segment15.flac,id57,"Yavaşyavaş yağış nəmçiləyir xırda damcılar Gülzarın üzünə döşlərinə toxunurdu.
"
3456,segment150.flac,id58,"Gülzar yağışdan gözlərini açmayıb tələsik qaçırdı.
"
3456,segment151.flac,id59,"Zavallı bu tələsmə nəticəsi olaraq xəbəri olmadan yolu da itirmişdi.
"
3456,segment152.flac,id60,"Yenidən bu yolu tapmaq üçün çox uzun çalışmış amma havanın büsbütün qaralması bütün ümidlərini yox etmişdi.
"
3456,segment153.flac,id61,"Gülzar da nə edəcəyini bilmirdi nə də gözü görürdü.
"
3456,segment154.flac,id62,"Qaranlıqda qurdlara çaqqallara rast gəlməsin deyə qorxudan bir ağacın dibinə sıxıldı.
"
3456,segment155.flac,id63,"Göy bütün dəhşəti ilə guruldayır ildırımlar odlu oxlar kimi sağasola qaçışır yağış vedrədən tökən kimi tökülürdü.
"
3456,segment156.flac,id64,"Bütün kainat bir ildırım oynağına bir od dənizinə dönmüşdü.
"
3456,segment157.flac,id65,"Gülzar qorxurdu.
"
3456,segment158.flac,id66,"Bu aralıq yaxından Alabaş Alabaş.
"
3456,segment159.flac,id67,"deyə çağıran bir səs eşidildi.
"
3456,segment16.flac,id68,"Gülzar bu insan səsindən bir qədər cürətləndi və Meşədəki kimsən.
"
3456,segment160.flac,id69,"deyə çığırdı.
"
3456,segment161.flac,id70,"Çox keçmədən qarşısında ağ kürkə bürünmüş bir kişi gördü.
"
3456,segment162.flac,id71,"Kimsən.
"
3456,segment163.flac,id72,"Əmi azmışam.
"
3456,segment164.flac,id73,"Gəl gəl.
"
3456,segment165.flac,id74,"Burada durmaq qorxuludur ildırım hündür ağacları vurar.
"
3456,segment166.flac,id75,"Gəl.
"
3456,segment167.flac,id76,"deyə yola düşdü.
"
3456,segment168.flac,id77,"Gülzar onu təqib edirdi.
"
3456,segment169.flac,id78,"Bir köhülə mağaraya təsadüf etdilər.
"
3456,segment17.flac,id79,"Məchul kişi içəri girdi.
"
3456,segment170.flac,id80,"Gülzar da heç bir şey düşünmədən içəri girdi.
"
3456,segment171.flac,id81,"Beş dəqiqədən sonra köhül məchul kişinin topladığı çörçöplə yandırdığı ocaqdan işıqlanmışdı.
"
3456,segment172.flac,id82,"Tüstü Gülzarın gözlərini acıdır amma belə tüstüyə alışan olduğundan fərqinə varmır köhülün bir bucağına sıxılıb otururdu.
"
3456,segment173.flac,id83,"Artıq bayırda gözgözü görmürdü.
"
3456,segment174.flac,id84,"Köhüldə məchul kişi ocağın yanındakı bir daş üzərində oturub paltarlarını qurudurdu.
"
3456,segment175.flac,id85,"Heç birisi dinmirdi.
"
3456,segment176.flac,id86,"Bu aralıq Gülzar sərt bir qədər boğuq bir səs eşitdi       Kimlərdənsən gəlin.
"
3456,segment177.flac,id87,"Bu səs özözlüyündə Gülzarı diksindirdi.
"
3456,segment178.flac,id88,"Lakin yenə fərqinə varmayıb      Yetim Aslanın bacısıyam  deyə kişinin üzünə baxdı.
"
3456,segment179.flac,id89,"Kişi odlu baxışlarını onun üzünə sancıb baxırdı.
"
3456,segment18.flac,id90,"Ərdəmisən.
"
3456,segment180.flac,id91,"Gülzar susub bir söz demədi.
"
3456,segment181.flac,id92,"Eyni zamanda onu məchul bir qorxu bürüdü.
"
3456,segment182.flac,id93,"Bu baxışlar altında həyatında ilk dəfə olaraq özünün gözəl bir qız olduğunu xatırladı və burada yad bir kişi ilə olduğunu düşününcə qor¬xudan titrədi və ömründə ilk dəfə olaraq özünü kişilərdən gizlətmək örtünmək üçün ətrafına baxındı.
"
3456,segment183.flac,id94,"Yaylığını meşədə itirmişdi.
"
3456,segment184.flac,id95,"Bir şey tapmayınca dağınıq saçları ilə döşlərini örtdü.
"
3456,segment185.flac,id96,"Amma zavallı bununla daha gözəl və daha cazibədar bir görkəm aldığını heç də düşünmürdü.
"
3456,segment186.flac,id97,"Dur gəl ocaq başında paltarını qurut yazıqsan yerdə soyuq vurar naxoşlarsan  deyə məchul kişinin sərt səsi yenə cingildədi.
"
3456,segment187.flac,id98,"Gülzar qımıldanmadı.
"
3456,segment188.flac,id99,"Getdikcə qorxu onu bürüyür bütün varlığı əsirdi.
"
3620,segment189.flac,id100,"Bu aralıq Gülzar köhüldən çıxıb qaçmaq istəyirdi.
"
3620,segment19.flac,id101,"Lakin qaçılası bir yer yox idi.
"
3620,segment190.flac,id102,"Artıq gecə qara qanadlarını kainat üzərinə sərmiş bütün varlıq bir məzar qaranlığına bürünmüşdü.
"
3620,segment191.flac,id103,"Yenidən boğuq bir səs eşidildi       Ərin kimdir.
"
3620,segment192.flac,id104,"Zavallı qızcığaz bir söz demir hətta nəfəs çəkməkdən belə qorxurdu.
"
3620,segment193.flac,id105,"Daha o uzaqda oturduğun nə üçündür.
"
3620,segment194.flac,id106,"Səni yeməyəcəklər ki.
"
3620,segment195.flac,id107,"Al kürkümə bürün və paltarını qurut.
"
3620,segment196.flac,id108,"Gülzar artıq büsbütün özünü itirmiş kiçicik ürəyi bir gurultu ilə döyünürdü.
"
3620,segment197.flac,id109,"Gecə getdikcə dərinləşir sükut getdikcə artır həyat getdikcə susurdu.
"
3620,segment198.flac,id110,"Bu aralıq məchul kişi birdən yerindən qalxdı.
"
3620,segment199.flac,id111,"Ağır addımlarla Gülzara yanaşıb sərt və dəmir kimi ağır əli ilə Gülzarın biləyini yaxaladı.
"
3620,segment2.flac,id112,"Zavallı qızcığaz bütün mümaniətlərinə baxmayaraq bir saniyədən sonra ocağın qırağında oturmuşdu.
"
3620,segment20.flac,id113,"Heç birisi danışmırdı.
"
3620,segment200.flac,id114,"Ocaq getdikcə qaralır köhül getdikcə bir qaranlığa dalırdı.
"
3620,segment201.flac,id115,"Gülzar ocağın bir tərəfində bucağa sıxılmışdı.
"
3620,segment202.flac,id116,"Məc¬hul kişi o biri tərəfdə uzanmışdı.
"
3620,segment203.flac,id117,"Beləliklə çox keçdi.
"
3620,segment204.flac,id118,"Gülzar üzünə isti bir nəfəs toxunduğunu hiss edib gözlərini açdı qaranlıq bir heyət qarşısını daldalamış eyni zamanda iki qol dəmir halqa kimi biləyini sarmış sıxırdı.
"
3620,segment205.flac,id119,"Gülzar qışqırıb bütün şiddətilə çırpınmağa başladı.
"
3620,segment206.flac,id120,"Amma belini sarmış qollar sarsılmaz və güclü idi.
"
3620,segment207.flac,id121,"Gülzar çırpınır eyni zamanda uşaq ağlına gələn sözləri söyləyib yalvarırdı  Səni and verirəm Allaha səni and verirəm Həzrət Abbasa mənə toxunma.
"
3620,segment208.flac,id122,"Mən yetiməm kimsəsizəm.
"
3620,segment209.flac,id123,"Məni öldürərlər.
"
3620,segment21.flac,id124,"Səni and verirəm o gözə görünməyən Allaha mənə toxunma mənə toxunma mənə yazığın gəlsin  deyə bu sarsılmaz qollar arasından özünü çıxarmağa çalışırdı.
"
3620,segment210.flac,id125,"Məchul kişi isə mırıldanır mırıldanırdı.
"
3620,segment211.flac,id126,"Artıq Gülzarın xırdaca əlləri yorulmuş məchul kişinin dəmir pəncəsində sıxılır ayaqları isə kişinin dizləri altına alınmış tərpənməsinə belə imkan qalmamışdı.
"
3620,segment212.flac,id127,"Zavallı qızcığaz özünün gücsüzlüyünü görüb bağırır yalvarır ağlayır bütün imamları peyğəmbərləri birbir sayır eyni zamanda sözlərinin təsirini gözləmədən balıq kimi çapalayır çırpınırdı.
"
3620,segment213.flac,id128,"Lakin bunların hamısı faydasız idi.
"
3620,segment214.flac,id129,"Yazıq artıq yorulmuş qolları sustalmışdı.
"
3620,segment215.flac,id130,"Hər halda yarım saatdan çox çalışmışdı.
"
3620,segment216.flac,id131,"Nəhayət zavallı büsbütün yorulub ölü kimi düşdü.
"
3620,segment217.flac,id132,"O bütün uşaq qüvvəti ilə bacardığı qədər çalışdı çapaladı yalvardı yaxardı ağladı bağırdı çığırdı ilan kimi qabıqdan çıxdı amma çarə olmadı.
"
3620,segment218.flac,id133,"Axırda yarımbayğın bir halda düşüb istəristəməz sükuta məcbur oldu.
"
3620,segment219.flac,id134,"Gecə ölgün bir sükuta dalmışdı.
"
3620,segment22.flac,id135,"Bayırda ruzigar yetim bir uşaq fəryadı ilə inləyərkən Gülzar bir bucağa sıxılmış səbəbini özü də bilmədən ağlayır ağlayır ağlayırdı.
"
3620,segment220.flac,id136,"Çünki başqa bir çarəsi yox idi.
"
3620,segment221.flac,id137,"Artıq hava işıqlanmış gözəl bir payız səhəri açılmışdı.
"
3620,segment222.flac,id138,"Meşənin bütün yarpaqları yağışdan yuyunmuş günəşin şüalarından parıldayırdı.
"
3620,segment223.flac,id139,"Bu gözəlliklər arasında Gülzar ətrafına belə baxmadan ölgün solğun bir halda evə qayıdırdı.
"
3620,segment224.flac,id140,"Üç gün sonra Getmirəm  deyə ağladığına baxmayaraq onu nişanladılar.
"
3620,segment225.flac,id141,"Bu gündən etibarən artıq Gülzarın bütün keçmiş şuxluğu təravəti itmiş evdən bir yana çıxmır keçmişdə qardaş kimi gördüyü kişilərdən artıq yaşınır kimsənin üzünə baxmır daha doğrusu baxmağa qorxur utanırdı.
"
3620,segment226.flac,id142,"Al yanaqları payız yarpaqları kimi getdikcə solur çöhrəsi saralır gözləri çuxura enir bütün varlığı sarsılıb məhv olurdu.
"
3620,segment227.flac,id143,"Vaxtilə hər kəs xüsusilə Aslan bu haldan maraqlanıb səbəbini soruşmuşdusa da axırda Gülzarın xəstə olduğunu düşünüb qəti bir cavabdan vaz keçmişdi.
"
3620,segment228.flac,id144,"Lakin Gülzar getdikcə solurdu.
"
3620,segment229.flac,id145,"Bu aralıq Gülzar məsciddən bir Quran götürüb ona tapınmış ona pənah gətirmişdi.
"
3620,segment23.flac,id146,"Gəlin gedərkən nə olacaq.
"
3620,segment230.flac,id147,"O müdhiş gecədə nə cavab verəcək.
"
3620,segment231.flac,id148,"Ona inanacaqmıdır.
"
3620,segment232.flac,id149,"Bu düşüncələrlə zavallı qaranlıq daxmalarının bir bucağına sıxılıb saatlarca orada qalırdı.
"
3620,segment233.flac,id150,"O gecə nə deyəcək nələr eşidəcək nələr olacaqdı.
"
3620,segment234.flac,id151,"O bu xüsusda çox şeylər eşitmiş və qorxmuşdu.
"
3620,segment235.flac,id152,"Keçən il qonşularının qızını əri doğramışdı.
"
3620,segment236.flac,id153,"Zavallı bunları düşünür bağrı adətən partlayır otura bilmir hövlnak qalxır sanki bir çarə tapacaqmış kimi mənasızcasına ətrafa baxınır nəhayət yenə daxmanın bir bucağına yıxılıb ağlamağa başlayırdı.
"
3620,segment237.flac,id154,"Ağlayır ağlayır nəhayət özünə təsəlli verərək Yox mən ona yalvararam mən bu Quranı şahid gətirərəm ki məndə günah yoxdur.
"
3620,segment238.flac,id155,"O inanar.
"
3620,segment239.flac,id156,"Bu Quran bu Quran sahibi məni himayə edər  deyə bir qədər təsəlli tapırdı.
"
3620,segment24.flac,id157,"Lakin bir saniyə keçmədən yeni bir şey xatırlayırdı O mənim andlarıma inanmazsa.
"
3620,segment240.flac,id158,"deyə yenidən pozulur müdhiş bir iztirab onu bürüyür yenidən Quranını bağrına basıb köhnə qabığını göz yaşları ilə isladırdı.
"
3620,segment241.flac,id159,"Beləliklə uzun qış gecələri o müdhiş gecənin fəlakətlərini dəhşətlərini düşünərək bir iztirab içində altı ay gözləyib durmuşdu.
"
3620,segment242.flac,id160,"Bu gecə də hər kəs onun səadətinə sevinirkən o bütün varlığını itirmiş göz yaşlarında boğulub getmişdi.
"
3620,segment243.flac,id161,"Hə nə oldunuz.
"
3620,segment244.flac,id162,"Qurtarmadınızmı.
"
3620,segment245.flac,id163,"Xalq gözləyir axı  deyə bayırdan Aslanın səsi eşidildi.
"
3620,segment246.flac,id164,"Gülzar diksinib ürəyi döyünməyə başladı.
"
3620,segment247.flac,id165,"Biz hazırıq.
"
3620,segment248.flac,id166,"Qızım daha dur  deyə yengə cavab verdi.
"
3620,segment249.flac,id167,"Gülzar yerindən tərpənmirdi.
"
3620,segment25.flac,id168,"Qoyun bir balamın üzünü öpüm  deyə Gülzarın kor anası arvadların içində səslənib irəli yeriməyə başladı.
"
3620,segment250.flac,id169,"Aydan arı sudan dura balam.
"
3620,segment251.flac,id170,"Ya Həzrət Abbas balamı sənə zamin verirəm  deyə Gülzarı qucaqladı.
"
3620,segment252.flac,id171,"Gülzar özünü bilmirdi.
"
3620,segment253.flac,id172,"Bəyin qardaşı gəlinin belini bağlayır arvadlar kimi çalır o yanbu yana qaçır Allah Allah deyir xəlfə dua oxuyurdu  bir kəlmə bütün dünya birbirinə çaxnaşmışdı.
"
3620,segment254.flac,id173,"Qoyun məni axırıncı dəfə bacımın üzündən öpüm o mənim evimin sütunu olmuşdur  deyə Aslanın səsi eşidildi.
"
3620,segment255.flac,id174,"Əlbəttə əlbəttə bacındır qızındır çörəyini yemişdir sən ona atalıq eləmişsən  deyə yengə kimsəyə möhlət vermədən cavab verirdi.
"
3620,segment256.flac,id175,"Əlbəttə çəkilin arvadlar qoyun yazıq öz bacısı ilə görüşsün  deyə arvadlar birbirinə söyləyir eyni zamanda yenə gəlinin başına toplanıb yolu daha da kəsirlərdi.
"
3620,segment257.flac,id176,"Aslan bilirdi ki ona kimsə bir söz deməyəcəkdir çünki bu gecə onun sözü ilə hər kəs hesablaşır hörməti hər kəsdən çoxdur.
"
3620,segment258.flac,id177,"Elə ixtiyar istəməsi də bir növ lovğalanmaq üçün idi.
"
3620,segment259.flac,id178,"Artıq Gülzarı başında al duvaq qapıdan çıxarırlardı.
"
3620,segment26.flac,id179,"Aslan qolunu bacısının boynuna salıb      Gəl bacım səni öpüm.
"
3620,segment260.flac,id180,"Sən mənim evimin sütunu olmuşsan sən mənim üzümü xalq içində ağartmışsan adına güldən ağır bir söz deyilməmişdir.
"
3620,segment261.flac,id181,"Bu hələ mənə bəsdir.
"
3620,segment262.flac,id182,"Mən səndən çox razıyam get Allah səni xoşbəxt eləsin  dedi.
"
3620,segment263.flac,id183,"Bu sözlərdən zavallı Gülzarın ciyərləri parçalanır amma artıq bir şey düşünmür bir şey hiss etmir köhnə qabıqlı Quranı bağrına basıb başqalarının zövqü ilə yeriyirdi.
"
3620,segment264.flac,id184,"Otaq tam bir bayram şəkli almışdı elə bil bəzəkli gəlin evi idi.
"
3620,segment265.flac,id185,"Lakin Gülzar heç bir şey düşünmür ancaq başqalarının Allah Allah sözü arasında öz Allahını unutmamaq üçün teztez Ya Allah ya Allah  deyə təkrar edirdi.
"
3620,segment266.flac,id186,"Onu oturtdular.
"
3620,segment267.flac,id187,"Arvadlar baldızları hətta qayınanası belə qabağında oynadılar qayınanası üzündən öpdü.
"
3620,segment268.flac,id188,"Lakin Gülzar bunların heç birini istəmirdi bu iltifatlardan ürəyi sıxılırdı.
"
3620,segment269.flac,id189,"Beş dəqiqədən sonra bu adamlar heç birisi onu görmək istəməyəcək üzünə belə baxmayacaqlar.
"
3620,segment27.flac,id190,"Kim bilir bəlkə bir daha o onların heç birisini görməyəcəkdir.
"
3620,segment270.flac,id191,"Arvadlar çaldılar çağırdılar oynadılar çıxdılar.
"
3620,segment271.flac,id192,"Gülzar tək qalınca artıq özünü bilmir yarımbayğın bir halda birbiri üzərinə salınmış döşəklərin gəlin taxti üstündə oturmuş ərinin gəlməsini gözləyirdi.
"
3620,segment272.flac,id193,"Özü ilə götürdüyü Quranı bütün qüvvəti ilə iki döşü arasına sıxıb  Ey Quran ey Quran sahibi sən mənə kömək ol.
"
3620,segment273.flac,id194,"deyə təkrar edirdi.
"
3620,segment274.flac,id195,"Zavallının ürəyi döyünür ciyərləri parçalanır bütün varlığı məhv olurdu.
"
3620,segment275.flac,id196,"Altı aydan bəri çəkdiyi iztirabların əzab və göz yaşlarının bu gecə artıq sonu idi.
"
3620,segment276.flac,id197,"Bu gecə ya həmişəlik xoşbəxt olacaq ya da həmişəlik qara torpaqlara gömülüb gedəcəkdi.
"
3620,segment277.flac,id198,"Ox nə qədər müdhiş bir gecə.
"
3620,segment278.flac,id199,"O bu gecəni çoxdan bəri təsəvvür etmişdi.
"
2357,segment279.flac,id200,"Amma belə fəlakətli bir gecənin doğrudan da olacağına inanmırdı.
"
2357,segment28.flac,id201,"Bir aralıq Mən burada qalmıram  deyə durub evlərinə qaçmaq istəyirdi.
"
2357,segment280.flac,id202,"Lakin istəyirdi.
"
2357,segment281.flac,id203,"Çox şeylər istəyirdi.
"
2357,segment282.flac,id204,"eyni zamanda heç bir şey istəmir yalnız özünü gizlətmək üçün bir yer torpaq bir məzar istəyirdi.
"
2357,segment283.flac,id205,"Nəhayət qapı açıldı bəy girdi.
"
2357,segment284.flac,id206,"Gülzarın ürəyi çırpındı.
"
2357,segment285.flac,id207,"Qapının səsindən sanki qulaqlarında göy guruldayırdı.
"
2357,segment286.flac,id208,"O qısaboylu dik papaqlı sərt üzlü sərt baxışlı azacıq çopur bir oğlan idi.
"
2357,segment287.flac,id209,"Eyni zamanda simasına baxınca onda xüsusi bir mülayimlik bir nəvazişkarlıq görmək olurdu.
"
2357,segment288.flac,id210,"Amma Gülzar üçün bu dəqiqədə ərinin necə olmasının heç bir fərqi yox idi.
"
2357,segment289.flac,id211,"O bu saat ərinin bir meymun bir qurd bir canavar olmasına lakin onu bağışlamasına ona inanmasına şükr edərdi.
"
2357,segment29.flac,id212,"Mənsur özünü itirdi.
"
2357,segment290.flac,id213,"O gözləyirdi ki qız duracaq onun ayağını tapdalamağa çalışacaqdır.
"
2357,segment291.flac,id214,"O da evdə gələcəkdə hakimiyyət qazanmaq üçün bunu ilk əvvəl özü etməyə hazırlanmışdı.
"
2357,segment292.flac,id215,"Amma Gülzar yerindən tərpənmədi.
"
2357,segment293.flac,id216,"Bundan başqa yengənin dediyinə görə daha bir çox səmimiyyətlər olmalı idi.
"
2357,segment294.flac,id217,"Heç biri olmadı.
"
2357,segment295.flac,id218,"Nəhayət özünü toplayıb namaz yadına düşdü.
"
2357,segment296.flac,id219,"Namaz qılmağa başladı.
"
2357,segment297.flac,id220,"Bitirdi.
"
2357,segment298.flac,id221,"Gülzar yerindən tərpənmədi.
"
2357,segment299.flac,id222,"Mənsur taxtın üstündə oturdu.
"
2357,segment3.flac,id223,"Nə edəcəyini bilmirdi.
"
2357,segment30.flac,id224,"Heç biri anışmırdı.
"
2357,segment300.flac,id225,"Gülzara yengə gəlirkən bir çox şeylər tapşırmışdı.
"
2357,segment301.flac,id226,"Lakin heç biri yadında qalmamış daha doğrusu heç birini eşitməmişdi.
"
2357,segment302.flac,id227,"Bu sükut uzun bir zaman davam etdi.
"
2357,segment303.flac,id228,"Nəha¬yət Mənsur sükutu pozdu    Gülzar artıq üzünü aç öz evindir  deyə mütərəddid və utancaq hərəkəti ilə örpəyi Gülzarın üzündən götürdü.
"
2357,segment304.flac,id229,"Zavallı qızcığaz həyəcan və iztirabdan ürəyi partlayır bihuş olmaq dərəcəsinə gəlirdi.
"
2357,segment305.flac,id230,"Qulaqlannda anlaşılmaz bir şey guruldayır bütün gördüyü şeylər gözünün qarşısında oynayır hərəkət edirdi.
"
2357,segment306.flac,id231,"Gülzar özünü gizlətmək üçün bir yer axtarırdı amma yox idi.
"
2357,segment307.flac,id232,"Mənsur sözə başlamış və nə söyləyəcəyini bilməyib ancaq söhbəti kəsməmək üçün ağlına gələni danışırdı     Mən bilirəm qardaşının evində sən çox incimişsən amma artıq bundan sonra inşallah hər ikimiz gözəl güzəran sürərik.
"
2357,segment308.flac,id233,"Mənsur danışmağa söz tapmır eyni zamanda Gülzar bir söz deməyincə sözünü kəsmək istəmirdi.
"
2357,segment309.flac,id234,"Yoxsa yenə bir sükut araya düşəcək və yenidən sükutu pozmaq üçün söz tapmayacaqdı.
"
2357,segment31.flac,id235,"Burada Gülzar artıq özünü bilmədən nə olursa olsun bir an əvvəl sözünü demək ürəyini açmaq və bütün varlığını didən bu müdhiş iztirabdan yaxasını qurtarmaq üçün aylarla əzbərlədiyi sözlərin hamısını unudaraq yarımbayğın bir halda sözə başladı         Ox Mənsur sən bu qədər gözəl bu qədər gözəl bu qədər zənginsən.
"
2357,segment310.flac,id236,"Fəqət mən.
"
2357,segment311.flac,id237,"sənə layiq deyiləm.
"
2357,segment312.flac,id238,"mən.
"
2357,segment313.flac,id239,"Burada ağlamaq boğazını boğdu.
"
9764,segment314.flac,id240,"Göz yaşlarında boğulub nəfəs belə çəkmirdi.
"
9764,segment315.flac,id241,"Lakin Mənsur onun dediklərini bir o qədər də anlamadan nəhayət Gülzarın dannışdığına və özünün danışmaq üçün mövzu tapdığına sevinib əlini mütərəddid hərəkətlərlə onun boynuna salaraq dedi         Artıq ağlama Gülzar.
"
9764,segment316.flac,id242,"Mən bilirəm sən nəyi düşünürsən.
"
9764,segment317.flac,id243,"Burada Gülzar birdənbirə diksindi.
"
9764,segment318.flac,id244,"Nəyi bilir görəsən.
"
9764,segment319.flac,id245,"O müdhiş gecənimi bilir.
"
9764,segment32.flac,id246,"Bir an içində bədənini titrətmə tutdu.
"
9764,segment320.flac,id247,"O haradan bilir.
"
9764,segment321.flac,id248,"Lakin bilirsə və bu qədər mülayimsə.
"
9764,segment322.flac,id249,"Bu aralıq zavallı qızcığazın başından bulanıq bir fikir fırlandı bəlkə də o məchul kişi bu özüdür.
"
9764,segment323.flac,id250,"Biixtiyar başını qaldırıb Mənsurun üzünə baxdı.
"
9764,segment324.flac,id251,"Ancaq heç bir şey görmür heç bir şey xatırlamırdı.
"
9764,segment325.flac,id252,"Eyni zamanda Mənsur sözünə davam edirdi         Amma elə şeylər üçün düşünməyə dəyməz.
"
9764,segment326.flac,id253,"Mən bilirəm qızlar istərlər ki onların cehizləri olsun bilməm nələri olsun ərlərindən utanmasınlar.
"
9764,segment327.flac,id254,"Mənim üçün elə şeylərin əhəmiyyəti yoxdur.
"
9764,segment328.flac,id255,"Allaha şükür bir parça çörəyimiz var ac qalmarıq.
"
9764,segment329.flac,id256,"Özümüzdən başqa iyirmi nəfəri də lap əlli il saxlaya bilərik.
"
9764,segment33.flac,id257,"Atam mənim üçün kəndxuda Həsənin qızını almaq istəyirdi.
"
9764,segment330.flac,id258,"Belə cehizləri var camışları var xalçapalazları var  deyirdi.
"
9764,segment331.flac,id259,"Lakin nə eləyim o dövləti mənə sənin gözəlliyin hələtəkcə təmiz adın hər şeydən bahadır.
"
9764,segment332.flac,id260,"Mən özüm xalqa çox gülmüşəm indi Allaha şükür bilirəm ki sabah papağımı yanakı qoyub kənd içinə çıxanda kimsə mənə gülməyəcək kimsə ardımca pıçıldamayacaqdır.
"
9764,segment333.flac,id261,"Mənə sənin təmiz adın paklığın və saflığın hər şeydən qiymətlidir.
"
9764,segment334.flac,id262,"Bu mənim üçün dünyalara dəyər.
"
9764,segment335.flac,id263,"Burada Gülzarın artıq bütün nervləri bütün ilikləri parçalanıb boğuq səslə inlədi       Mənsur mən səndə qalmaq istəmirəm.
"
9764,segment336.flac,id264,"Yalvarıram sənə məni dördbeş gün saxlayıb sonra burax.
"
9764,segment337.flac,id265,"Mən gedib dilənçilik edərəm.
"
9764,segment338.flac,id266,"Axı nə üçün.
"
9764,segment339.flac,id267,"Sənə nə olmuşdur.
"
9764,segment34.flac,id268,"Gülzar özünü bilmədən dediklərini belə eşitmədən Mənsurun ayaqlarına düşüb     Ox Mənsur mən sənin yanına üzüqara gəlmişəm  dedi.
"
9764,segment340.flac,id269,"Sanki Gülzarın üzərində qocaman bir dağ varmiş kimi bir sözlə birdən uçulub onu yüngülləşdirdi.
"
9764,segment341.flac,id270,"Lakin qulaqlarında bu qocaman dağın anlaşılmaz gurultuları taqqıldayırdı.
"
9764,segment342.flac,id271,"Burada Mənsurun birdənbirə çöhrəsi dəyişdi.
"
9764,segment343.flac,id272,"Əlini Gülzarın boynundan çəkdi.
"
9764,segment344.flac,id273,"Biixtiyar divara baxındı.
"
9764,segment345.flac,id274,"Divarda bir tüfəng iki xəncər asılmışdı.
"
9764,segment346.flac,id275,"Üzündən zəhərli bir gülüş fırladı.
"
9764,segment347.flac,id276,"Gülzar isə göz yaşlarında boğularaq sözünə davam edirdi     Amma mən müqəssir deyiləm Mənsur.
"
9764,segment348.flac,id277,"And olsun bu Qurana and olsun o gözə görünməyən pərvərdigara ki mən müqəssir deyiləm.
"
9764,segment349.flac,id278,"Sən müqəssir deyilsən.
"
9764,segment35.flac,id279,"Hm.
"
9764,segment350.flac,id280,"bəs nə oldu.
"
9764,segment351.flac,id281,"Damdan yıxıldın hə.
"
9764,segment352.flac,id282,"Nərdivandan yıxıldın hə.
"
9764,segment353.flac,id283,"Gülzar artıq sözünü demiş sonu nə olacağını bir o qədər də düşünmürdü.
"
9764,segment354.flac,id284,"Mənsur bu saat xəncəri qapıb onu doğrayacaqmı.
"
9764,segment355.flac,id285,"Bağışlayacaqmı.
"
9764,segment356.flac,id286,"Nə edəcəksə hər halda bilmirdi.
"
9764,segment357.flac,id287,"Lakin bir çox şeylər biixtiyar fikrindən çırpınıb keçir və heç birisinə baxmadan bir an əvvəl sözlərini söyləmək istəyirdi       Yox.
"
9764,segment358.flac,id288,"Yox.
"
9764,segment359.flac,id289,"Mən heç bir yerdən yıxılmamışam.
"
9764,segment36.flac,id290,"Mənə başlıayaqlı bir insan toxunmuş məni zorlamışdır.
"
9764,segment360.flac,id291,"Kim.
"
9764,segment361.flac,id292,"Kim.
"
9764,segment362.flac,id293,"Onu söylə.
"
9764,segment363.flac,id294,"deyə Mənsur müdhiş bir əsəbiyyətlə bağırdı.
"
9764,segment364.flac,id295,"Bilmirəm.
"
9764,segment365.flac,id296,"Bir an üçün hər ikisi susdu.
"
9764,segment366.flac,id297,"İstəsən işin hamısını sənə söyləyə bilərəm.
"
9764,segment367.flac,id298,"Nə edəcəksən et.
"
9764,segment368.flac,id299,"Yalnız sözlərimə inan məni öldür.
"
7655,segment369.flac,id300,"Ancaq bil ki mən müqəssir deyiləm.
"
7655,segment37.flac,id301,"Mənsur susurdu.
"
7655,segment370.flac,id302,"Burada sonsuz bir dəhşətlə o fəlakətli gecəni bir neçə qırıqsökük cümlədə nağıl etdi.
"
7655,segment371.flac,id303,"Sözləri irtibatsız və nizamsız oluğu üçün bəlkə məntiqsiz yerləri də var idi.
"
7655,segment372.flac,id304,"Lakin söylənən sözlərdə elə bir səmimiyyət çırpınır elə bir paklıq hiss edilirdi ki istəristəməz insanın inanması gəlirdi.
"
7655,segment373.flac,id305,"Hər halda Mənsur inanmışdı.
"
7655,segment374.flac,id306,"Çox uzun düşüncədən sonra       Axı bunların hamısı doğru isə nə üçün o zaman anana qardaşına söyləmədin.
"
7655,segment375.flac,id307,"deyə soruşdu.
"
7655,segment376.flac,id308,"Mənsurun səsi sanki bir qədər yumşaldı.
"
7655,segment377.flac,id309,"Onlar nə edə bilərdilər.
"
7655,segment378.flac,id310,"Qardaşımı sən ki bilirsən.
"
7655,segment379.flac,id311,"Anama da artıq dərd verməkdən nə çıxardı.
"
7655,segment38.flac,id312,"indi mən olduğunu söylədim mənə hər nə edəcəksən et qanımı sənə halal edirəm.
"
7655,segment380.flac,id313,"Ancaq inan ki mən günahkar deyiləm.
"
7655,segment381.flac,id314,"And olsun yeri göyü yaradan Allaha.
"
7655,segment382.flac,id315,"Mənsur and olsun bu altı aydan bəri mənim yeganə təsəllim olan bu Qurana ki mən təqsirkar deyiləm.
"
7655,segment383.flac,id316,"Gülzarın sözlərində çırpınan məyusluq göz yaşlarındakı səmimiy¬yət bir iynə kimi Mənsurun fikrinə zehninə ruhuna bütün varlığına sancıldı.
"
7655,segment384.flac,id317,"Hətta Yazıq nə etsin.
"
7655,segment385.flac,id318,"Bu Allahın qəziyyəsidir onun ki burada taqsırı yoxdur.
"
7655,segment386.flac,id319,"Gücsüz köməksiz bir qız nə edə bilərdi.
"
7655,segment387.flac,id320,"Nə üçün bir nəfər onun adına söz demir.
"
7655,segment388.flac,id321,"kimi bəzi doğrultmalar da fikrindən keçir və eyni zamanda çox dərin düşüncələrə dalmış dururdu.
"
7655,segment389.flac,id322,"Gülzar kiçicik əllərini irəli uzatmış bir həyəcan içində nəticəni gözləyirdi.
"
7655,segment39.flac,id323,"Ox indi Mənsurun bir sözü onu nə qədər xoşbəxt edə bilər və ya əbədi bir yoxluğa yuvarlada bilərdi.
"
7655,segment390.flac,id324,"Gülzarın bu dəqiqədə bütün taleyi həyati səadəti ondan onun bir kəlmə sözündən asılı idi.
"
7655,segment391.flac,id325,"Sevinc və müdhiş fikirlər bir elektrik sürəti ilə birbirini təqib edərək zehnindən fırlayıb gedirdi.
"
7655,segment392.flac,id326,"Hər halda Gülzar onun bütün iztirablarına şahid olan bu Quranın onu tək buraxmayacağına kömək və himayə edəcəyinə zəif bir inamla da olsa inanırdı.
"
7655,segment393.flac,id327,"Bu ümidin nəticəsi olaraq Gülzarın başında xoşbəxt və sürəkli bir ümid parladı İndi Mənsur qollarını açacaq  eybi yox mən səni bağışlayıram çünki inamram ki səndə taqsır yoxdur  deyəcək və onu qucaqlayacaqdır.
"
7655,segment394.flac,id328,"Hətta bunu Mənsurun gözlərindən də oxumaq olurdu.
"
7655,segment395.flac,id329,"Ancaq Gülzar bu halında bunun fərqinə varmırdı həm də bu dəqiqədə belə şeylərlə sevinmənin vaxtı deyildi.
"
7655,segment396.flac,id330,"Burada artıq xəyal xülya deyil ümid arzu deyil bir həqiqət olaraq ölümdirim məsələsi həll edilirdi ki o da Mənsurun verəcəyi cavabdan edəcəyi hərəkətdən asılı idi.
"
7655,segment397.flac,id331,"Mənsur düşünürdü.
"
7655,segment398.flac,id332,"Sanki bu sözlərin doğruluğunu Gülzarın üzündə oxumaq istəyirmiş kimi bıçaq kimi iti baxışlarını onun üzünə dikdi önündə iki uçqun süzgün göz gördü ki məsum baxışlarında odlu bir fəryad inləyir tam dərinliklərində bir doğruluq bir səmimiyyət bir paklıq bir günahsızlıq gülümsəyirdi.
"
7655,segment399.flac,id333,"Gülzarın iki damcı göz yaşı yuvarlanmış solğun yanaqlarında durmuşdu indi dodaqları hənuz əsəbi bir həyəcanla titrəyir və bütün bu həyəcanlarla bütün bu solğunluqlarla Mənsur qarşısında pak və olduqca gözəl bir qız görürdü.
"
7655,segment4.flac,id334,"Bu sevimli qızın məsum ruhuna toxunmaq qəlbini qırmaq incitmək heç də insafdan deyildi.
"
7655,segment40.flac,id335,"O təbiətin azad qoynunda bəslənmiş bir çiçək idi ki ruzigarın xəfif bir ağırliğmdan solacaq töküləcək məhv olub gedəcəkdi.
"
7655,segment400.flac,id336,"Halbuki o ən tutqun bir həyati süslədə bilər həyatın ən dərin qaranliqlanm bir səadət şəfəqilə işıqlandira bilərdi.
"
7655,segment401.flac,id337,"Xüsusilə bu dəqiqədə Gülzar elə bir görünüş almışdı ki ona kimsə acimaya bilməz.
"
7655,segment402.flac,id338,"Eyni zamanda onun bu vəziyyəti ilə aldıği məhzun bir gözəlliyə qarşı kimsə pərəstiş etməyə bilməz onu sevməyə bilməzdi.
"
7655,segment403.flac,id339,"Bəli Gülzar kim olursa olsun indiki dəqiqəsində gözəl sevimli ən pak bir qızcığaz idi.
"
7655,segment404.flac,id340,"Mənsur bunları hiss edirdi kim bilir daha nə kimi doğrultmalar düşünmüşdü.
"
7655,segment405.flac,id341,"Hər halda bir məsum qızı bir an əvvəl sevindirmək üçün böyük bir zövq bir məmnuniyyət və vüqarla Çox yaxşı inanıram ağlama  deyə bir kəlmə söyləmək onu qucaqlamaq ovundurmaq sonra uzunuzadı düşünüb gələcək üçün bir çox şərtlər qoymaq istəyirdi.
"
7655,segment406.flac,id342,"Lakin tam bu sırada qapı döyüldü.
"
7655,segment407.flac,id343,"Arxasından    Tez olsanız.
"
7655,segment408.flac,id344,"Daha bu nə oldu.
"
7655,segment409.flac,id345,"Bitirmədinizmi.
"
7655,segment41.flac,id346,"Xalq nigarandır axı.
"
7655,segment410.flac,id347,"deyə sözlər eşidildi.
"
7655,segment411.flac,id348,"Danışan yengə idi.
"
7655,segment412.flac,id349,"Burada Mənsurun birdənbirə çöhrəsi dəyişdi.
"
7655,segment413.flac,id350,"Çox dərin bir yuxuda imiş kimi diksindi.
"
7655,segment414.flac,id351,"Bütün düşüncələri altüst oldu sanki yeni bir şeylər xatırladı Adətən qızlar belə deyir and içirlər.
"
7655,segment415.flac,id352,"O çox eşitmişdi.
"
7655,segment416.flac,id353,"O başqalarına çox gülmüş istehza etmişdi.
"
7655,segment417.flac,id354,"Bəlkə də o adam həmin kəndlilərdən biridir.
"
7655,segment418.flac,id355,"Bəlkə də Gülzar yalan deyir.
"
7655,segment419.flac,id356,"Bəlkə də tanıyır demək istəmir.
"
7655,segment42.flac,id357,"Bəlkə də bir neçə nəfərdirlər.
"
7655,segment420.flac,id358,"Yəqin kənd içinə çıxarkən ona baxıb gizlincə güləcəklər.
"
7655,segment421.flac,id359,"İndi yengəyə nə söyləyəcəkdir.
"
7655,segment422.flac,id360,"Burasını heç düşünməmişdi.
"
7655,segment423.flac,id361,"Bəli bu qız o qədər hiyləgərmiş ki hər işi görmüş eyni zamanda özünü pak qələmə vermişdir.
"
7655,segment424.flac,id362,"Bir dəqiqə də bilməm nə qədər taqsir onun fikrindən keçdi nədənsə bir az əvvəl bunların heç birisi fikrinə gəlmirdi.
"
7655,segment425.flac,id363,"Gülzar ağlamaqdan danışmırdı.
"
7655,segment426.flac,id364,"Son dəqiqə Mənsurun tərəddüdünü görüncə ayaqlarına sərilibMənsur məni bədbəxt etmə.
"
7655,segment427.flac,id365,"And olsun bu Qurana ki məndə günah yoxdur  dedi.
"
7655,segment428.flac,id366,"Mənsur bəlkə də qapı döyülüşünün təsiri altında Artıq qurban olasan əlindəki Qurana mən sənə dəymərəm  dedi.
"
7655,segment429.flac,id367,"Gülzar sakit bir nəfəs çəkdi.
"
7655,segment43.flac,id368,"Bir saniyədə kim bilir nə qədər böyük bir səadət yaşadı.
"
7655,segment430.flac,id369,"İkinci söz olmasaydı sevincindən Mənsurun ayaqlarını əllərini üzünü öpəcək ağlayacaq kim bilir daha nələr eləyəcəkdi.
"
7655,segment431.flac,id370,"Doğrusunu bilmək istəsəniz  heç bir şey etməyəcək sevincin¬dən sadəcə bayılacaqdı.
"
7655,segment432.flac,id371,"Lakin Mənsur sözünə davam edirdi  Mən sənə toxunmadım.
"
7655,segment433.flac,id372,"Ancaq hansı yol ilə gəlmişsən həmin o yol ilə də atanın evinə qayıt.
"
7655,segment434.flac,id373,"Üzüqara bir qız mənə gərək deyil.
"
7655,segment435.flac,id374,"Gülzarın ürəyi çırpındı gözləri qaraldı uzun zaman bir şey görmədi bir şey eşitmədi.
"
7655,segment436.flac,id375,"Bir gurultu qulaqlarını doldurmuş kimi çiyninə toxunurdu.
"
7655,segment437.flac,id376,"Nəhayət ağır və tənbəl hərəkətlərlə tərpənib başını qaldırdı məhzun bir ölgünlüklə gözlərini yarımçıq açdı.
"
7655,segment438.flac,id377,"Mənsur qapını açıb onun çıxmasını gözləyirdi.
"
7655,segment439.flac,id378,"Gülzar məyus bir halda qalxdı.
"
7655,segment44.flac,id379,"Artıq ağlamırdı qapı açıq olduğundan ağlamağa yalvarmağa imkan qalmamışdı.
"
7655,segment440.flac,id380,"Qapıya yönəldi.
"
7655,segment45.flac,id381,"Nədənsə gözlərini qaldırıb ətrafa baxdi bütün divarlar bütün görünən şeylər və anlaşılmaz bir hərəkətlə onunla bərabər yürüyür və onun tənbəl yürüşləri əksinə olaraq bir makina çarxı dövrəsinə fırlanır xəbis bir istehza ilə rəqs edirdi.
"
7655,segment46.flac,id382,"Biixtiyar bir ah çəkdi.
"
7655,segment47.flac,id383,"Nəhayət gözləri Mənsurun gözlərinə saplandı baxdı baxdı heç bir söz demədi.
"
7655,segment48.flac,id384,"Əski qabıqlı Quranı götürmüş aparmaq istəyirdi.
"
7655,segment49.flac,id385,"Qapıdan çıxdı.
"
7655,segment5.flac,id386,"Əvvəl yengə sonra da qapı arxasında böyük bir maraq içində gözləyən qadınlar onun başına toplandılar.
"
7655,segment50.flac,id387,"Hər tərəfdən sorğular yağdırıldı Hə nə oldu.
"
7655,segment51.flac,id388,"Nə üçün çıxdın.
"
7655,segment52.flac,id389,"Nə istəyirsən.
"
7655,segment53.flac,id390,"Bitdimi.
"
7655,segment54.flac,id391,"Nə olmuşdur.
"
7655,segment55.flac,id392,"Gülzar bir şey görmür hətta kimsəyə baxmır bir şey hiss etmir bir söz söyləmirdi.
"
7655,segment56.flac,id393,"Bütün varlığı ürəyinə yerləşmişdi.
"
7655,segment57.flac,id394,"Bir sövqitəbii ilə qadınların arasından keçib getmək istəyirdi.
"
7655,segment58.flac,id395,"Haraya gedirsən.
"
7655,segment59.flac,id396,"Nə oldu.
"
7655,segment6.flac,id397,"Nə üçün gedirsən.
"
7655,segment60.flac,id398,"deyə hərə bir tərəfdən maraqla soruşur eyni halda onu dümsükləyir sanki yuxuda imiş kimi onu oyatmaq və cavab almaq istəyirdilər.
"
7655,segment61.flac,id399,"Qadmlar birbirinin üzünə baxırdılar qaşgözlər oynamağa başlamışdı.
"
7655,segment62.flac,id400,"Yengə içəri soxuldu oradan Mənsurun səsi eşidilirdi Mən papağımı atıb ləçək bağlaya bilmərəm.
"
7655,segment63.flac,id401,"Namussuz üzüqara bir qız mənə gərək deyildir.
"
7655,segment64.flac,id402,"Yolun üstü ilə gəlmiş altı ilə də getsin.
"
7655,segment65.flac,id403,"Gülzar dəli kimi duruxmuş nə edəcəyini bilmirdi.
"
7655,segment66.flac,id404,"Artıq beş dəqiqə bundan əvvəlki kimi ona yanaşmırlardı.
"
7655,segment67.flac,id405,"Kimsə bir söz demir bir yol göstərmirdi.
"
7655,segment68.flac,id406,"Ancaq qadınlar birbirilə pıçıldaşır söyləşirlərdi.
"
7655,segment69.flac,id407,"Məsələ bəlli idi.
"
7655,segment7.flac,id408,"Vallah vallah mənim qızım aydan an sudan durudur.
"
7655,segment70.flac,id409,"Ay müsəlmanlar bizə zülm eləməyin.
"
7655,segment71.flac,id410,"deyə Gülzarın yazıq anası ağlayırdı.
"
7655,segment72.flac,id411,"Eyni zamanda Mənsurun anası bir az əvvəlki ehtiramkarlığı büsbütün atmış sərt və acıqlı bağırtılarla  Təmizdir.
"
7655,segment73.flac,id412,"Təmizdir.
"
7655,segment74.flac,id413,"Apar özünün olsun  deyirdi.
"
7655,segment75.flac,id414,"Qadınlar birbirinə qatışmış Qəribədir.
"
7655,segment76.flac,id415,"Təəccüblüdür.
"
7655,segment77.flac,id416,"Bərəkallah qız.
"
7655,segment78.flac,id417,"Suyun lal axanı adamın yerə baxanı.
"
7655,segment79.flac,id418,"deyə mırıldanırdı.
"
7655,segment8.flac,id419,"Gülzar başı aşağı olaraq bir yol tapıb getmək istəyirdi.
"
7655,segment80.flac,id420,"Lakin tərpənə bilmirdi haraya gedəcəyini özü də bilmirdi.
"
7655,segment81.flac,id421,"Bu qədər səmimi ayrılıqdan sonra qardaşını necə görəcək nə edəcək nələr olacaqdı.
"
7655,segment82.flac,id422,"Bu halda o bir dama çıxmaq və yüksək bir səslə bütün camaat qarşısında bağırmaq ağlamaq bütün dünyanı haraya çağırmaq istəyirdi.
"
7655,segment83.flac,id423,"Ona belə gəlirdi ki bu saat bu haqsızlıqdan dünya uçulacaq ulduzlar töküləcək bütün kainat altüst olacaqdır.
"
7655,segment84.flac,id424,"O da bunu istəyirdi.
"
7655,segment85.flac,id425,"Lakin heç bir şey yox idi.
"
7655,segment86.flac,id426,"Göylərin sonsuz dərinliklərində yerləşmiş ulduzlar öz daimi sakitlikləri ilə durmuş hamısı sanki bir nifrətlə ona baxıb gülürlərdi.
"
7655,segment87.flac,id427,"Yenə kainat olduğu vəziyyətində durmuş adi vüqar və əzəməti ilə həyatın faciələrinə gülümsəyirdi.
"
7655,segment88.flac,id428,"Zavallı qızcığaz son dəfə başını qaldırıb ətrafina baxdı bütün əvvəl¬ki nəvazişlər sevimli çöhrələrdə bir əqrəb gülüşü oynayır hamısında gizli bir nifrət çırpınırdı.
"
7655,segment89.flac,id429,"Heç kəs öz baxışlarını ondan qaçırmaq istəmirdi.
"
7655,segment9.flac,id430,"Gül¬zar baxışlarını yerə sancdı sanki bütün kainat üzərinə yuvarlanmış onu yerə yaslatmaq istəyirdi.
"
7655,segment90.flac,id431,"Birdən neçinsə əlindəki Quranı başına qaldırıb       Ey Quran əgər haqq isən günahkar isəm bu saat məni külə döndər.
"
7655,segment91.flac,id432,"Ya haqqı aşkar elə ya mənim namusum həyatım ismətim kimi sən də ayaqlar altına düşüb əbədilik məhv ol.
"
7655,segment92.flac,id433,"deyə Quranı yerə çırpıb əsəbi bir həyəcanla tapdalamağa başladı.
"
7655,segment93.flac,id434,"Ətraf sakit idi.
"
7655,segment94.flac,id435,"Ruzigar xəfifxəfif əsir ağaclar səslənir bayaqkı çırağban küçələri dərin və qorxunc bir qaranlığa bürümüşdü.
"
7655,segment95.flac,id436,"Gülzara Allah da Quran da kömək etməmişdi.
"
7655,segment96.flac,id437,"Nəhayət kor anasının əlindən yapışmış onun qara örpəyinə örtünmüş ağlayaraq evə qayıtmışdı.
"
7655,segment97.flac,id438,"Hər tərəfdə anlaşılmaz bir dəhşət təbiətin bütün gözəlliklərində bir bayquş sədası inləyirdi.
"
7655,segment98.flac,id439,"Gülzar ağlayırdı.
"
7655,segment99.flac,id440,Ağlayırdı çünki başqa bir çarəsi yox idi.
